YEAR,MONTH,transactions,deposits,withdrawals,net_cash_flow,MONTH DATE
2015.0,1.0,204,116246479,118226447,-1979968,2015-01-01
2015.0,2.0,264,126872940,125428742,1444198,2015-02-01
2015.0,3.0,239,108534650,112995472,-4460822,2015-03-01
2015.0,4.0,256,116687860,116198736,489124,2015-04-01
2015.0,5.0,378,161203770,160613236,590534,2015-05-01
2015.0,6.0,546,522910175,863210643,-340300468,2015-06-01
2015.0,7.0,1603,4681727701,4597396856,84330845,2015-07-01
2015.0,8.0,2490,8814210074,9059091356,-244881282,2015-08-01
2015.0,9.0,2422,9505008801,9722844194,-217835393,2015-09-01
2015.0,10.0,2316,9372169720,9480880174,-108710454,2015-10-01
2015.0,11.0,2276,8787717149,8907108178,-119391029,2015-11-01
2015.0,12.0,2657,9517158939,9787774899,-270615960,2015-12-01
2016.0,1.0,2279,8331384868,8291619163,39765705,2016-01-01
2016.0,2.0,2413,7836305042,7312632119,523672923,2016-02-01
2016.0,3.0,2682,9016047763,8829570758,186477005,2016-03-01
2016.0,4.0,3027,9915900240,10031510363,-115610123,2016-04-01
2016.0,5.0,3182,8751781472,9056327783,-304546311,2016-05-01
2016.0,6.0,2739,9511435560,9670301296,-158865736,2016-06-01
2016.0,7.0,2562,9216641244,9186586616,30054628,2016-07-01
2016.0,8.0,2224,9164066135,9310481854,-146415719,2016-08-01
2016.0,9.0,2027,7338026811,7555392165,-217365354,2016-09-01
2016.0,10.0,2009,7877015232,8132057553,-255042321,2016-10-01
2016.0,11.0,2625,6798588261,6786593955,11994306,2016-11-01
2016.0,12.0,2601,5990816101,5939727670,51088431,2016-12-01
2017.0,1.0,2625,6129380233,6191595243,-62215010,2017-01-01
2017.0,2.0,2311,5283389040,5363591502,-80202462,2017-02-01
2017.0,3.0,3057,5888666064,5793364976,95301088,2017-03-01
2017.0,4.0,1834,4708339969,4212080869,496259100,2017-04-01
2017.0,5.0,2032,4555736701,4643345309,-87608608,2017-05-01
2017.0,6.0,1785,3933956443,3937731336,-3774893,2017-06-01
2017.0,7.0,3012,3610631214,3586352836,24278378,2017-07-01
2017.0,8.0,2454,4050477103,4085445067,-34967964,2017-08-01
2017.0,9.0,2585,4792585304,4772644703,19940601,2017-09-01
2017.0,10.0,2464,5124812927,5129391776,-4578849,2017-10-01
2017.0,11.0,2423,5023483019,4997746751,25736268,2017-11-01
2017.0,12.0,2517,4095961878,4136680675,-40718797,2017-12-01
2018.0,1.0,2645,3315541767,3300132050,15409717,2018-01-01
2018.0,2.0,2019,3547779452,3474282165,73497287,2018-02-01
2018.0,3.0,2027,2655524439,2685683794,-30159355,2018-03-01
2018.0,4.0,2566,2623652302,2576493944,47158358,2018-04-01
2018.0,5.0,3250,2791408168,2850653187,-59245019,2018-05-01
2018.0,6.0,2984,2398120425,2846179365,-448058940,2018-06-01
2018.0,7.0,3968,2479054447,2462174038,16880409,2018-07-01
2018.0,8.0,3658,2045434607,2045686946,-252339,2018-08-01
2018.0,9.0,3571,1798985510,1996019858,-197034348,2018-09-01
2018.0,10.0,3314,2167624457,2176348862,-8724405,2018-10-01
2018.0,11.0,2824,1561048988,1555884421,5164567,2018-11-01
2018.0,12.0,2686,1184963195,1208959700,-23996505,2018-12-01
2019.0,1.0,2758,560385754,572830399,-12444645,2019-01-01
2019.0,2.0,2435,442480560,450097872,-7617312,2019-02-01
2019.0,3.0,327,82334353,78659432,3674921,2019-03-01
